No.,StatusOrtu,Penghasilan,Status_Rumah,JMotor,Jmobil,DayaLis,KIPK
1,1,4000000,1,1,0,2,0
2,1,2500000,0,1,0,3,0
3,1,6000000,1,2,0,2,0
4,1,5440500,1,2,0,2,0
5,1,10000000,0,1,1,3,0
6,1,1000000,0,1,0,3,1
7,1,20000000,1,2,1,3,0
8,1,15000000,1,1,0,3,0
9,4,4000000,1,1,1,3,0
10,1,0,1,2,0,1,0
11,1,0,1,4,0,3,0
12,1,8000000,1,2,1,3,0
13,1,500000,1,1,0,2,1
14,1,6000000,1,1,1,2,0
15,1,2500000,1,1,0,1,1
16,1,6000000,1,2,1,2,0
17,1,3500000,1,2,0,1,0
18,4,4000000,0,2,0,2,1
19,1,1200000,1,1,0,2,0
20,1,2500000,1,1,0,3,0
21,1,0,0,2,0,1,0
22,1,6500000,1,2,0,2,0
23,1,5000000,0,2,0,3,1
24,1,300000,1,2,0,1,0
25,1,900000,1,2,1,1,0
26,1,2000000,0,2,0,2,1
27,1,2000000,0,1,0,3,1
28,1,6000000,1,2,0,2,1
29,2,4000000,1,1,0,3,0
30,1,3972900,1,1,0,1,0
31,1,5000000,1,4,0,2,0
32,2,5000000,1,2,0,3,0
33,1,1500000,1,2,0,1,0
34,1,4100000,1,2,0,3,1
35,1,2500000,1,3,0,3,0
36,1,14000000,1,2,1,2,0
37,1,6000000,0,1,0,3,1
38,1,1000000,1,1,0,1,0
39,1,7500000,1,3,0,2,0
40,1,6500000,0,1,0,3,0
41,1,1000000,1,1,0,2,1
42,4,4000000,1,2,0,1,0
43,1,1500000,1,2,0,2,0
44,1,4000000,1,2,1,3,0
45,1,6800000,1,2,0,3,0
46,1,6000000,1,2,1,3,0
47,1,28000000,1,3,1,3,0
48,1,3971800,0,2,0,1,1
49,1,8000000,1,2,0,3,0
50,2,2000000,1,1,0,2,1
51,1,5000000,1,2,1,3,0
52,1,5000000,1,2,1,3,0
53,1,5500000,1,1,0,2,0
54,1,15000000,1,4,1,3,0
55,1,9376759,1,2,1,1,0
56,1,10000000,1,2,1,3,0
57,1,7600000,1,2,0,2,0
58,1,9545500,1,2,0,2,0
59,1,7500000,1,2,0,3,0
60,1,15000000,1,1,1,2,0
61,1,2252000,1,2,0,3,0
62,1,500000,0,2,0,3,0
63,1,1250000,0,1,0,2,1
64,1,600000,1,1,0,2,0
65,1,9500000,1,2,2,3,0
66,1,4500000,1,2,0,3,0
67,1,2000000,1,1,1,3,0
68,1,2000000,1,2,0,2,0
69,2,300000,1,3,0,2,0
70,1,750000,0,2,0,1,1
71,1,4300000,0,3,0,2,0
72,1,2000000,1,3,0,2,0
73,1,3000000,1,2,1,2,0
74,1,500000,0,0,0,3,1
75,1,4500000,1,2,0,2,0
76,1,2000000,0,3,0,3,0
77,1,6000000,1,2,1,3,0
78,1,15000000,1,2,1,2,0
79,4,1500000,1,1,0,2,1
80,1,3000000,1,2,0,3,0
81,1,10000000,1,2,1,3,0
82,1,4293581,1,1,0,2,0
83,1,35000000,1,3,0,3,0
84,1,10000000,1,3,0,2,0
85,1,17000000,1,2,1,3,0
86,1,5000000,1,2,0,2,0
87,1,6500000,0,2,0,2,0
88,1,1500000,0,1,0,2,1
89,1,5000000,1,4,0,2,0
90,1,3000000,0,1,0,2,0
91,1,5000000,0,1,0,3,0
92,1,13000000,1,2,0,2,0
93,1,5000000,1,2,0,2,0
94,1,7000000,1,3,1,2,0
95,1,5500000,1,3,1,3,0
96,2,1400000,1,2,0,2,0
97,1,15000000,1,1,1,3,0
98,1,15000000,1,2,1,3,0
99,1,1800000,1,2,0,2,0
100,1,1000000,1,1,0,1,1
101,1,6500000,1,2,0,3,0
102,1,8000000,1,3,1,3,0
103,1,35000000,1,2,2,3,0
104,1,1500000,1,2,0,1,1
105,1,2500000,1,1,0,2,0
106,1,2000000,1,2,0,1,0
107,1,25000000,1,2,1,3,0
108,1,1000000,1,1,0,2,1
109,1,1500000,0,1,0,3,0
110,1,7000000,1,3,1,3,0
111,1,1500000,1,1,1,2,0
112,1,5000000,1,3,1,2,0
113,4,0,1,1,0,2,1
114,1,2000000,1,1,0,3,0
115,1,1500000,1,3,0,2,1
116,2,3802400,1,2,1,2,0
117,1,1500000,0,0,0,1,0
118,1,4500000,1,2,0,2,0
119,1,1500000,1,3,1,3,0
120,1,1500000,0,1,0,2,1
121,1,5000000,1,2,0,1,0
122,1,1000000,1,2,0,1,0
123,1,3000000,1,2,0,3,0
124,1,6424000,1,4,0,3,0
125,1,2500000,1,2,0,3,1
126,1,12500000,1,2,0,3,0
127,2,3500000,1,3,0,2,0
128,1,8600000,1,2,0,2,0
129,1,15000000,1,4,2,2,0
130,1,11500000,1,1,1,3,0
131,1,3000000,1,2,0,2,0
132,1,47500000,1,2,0,1,0
133,1,5000000,1,2,0,3,0
134,1,1200000,1,2,0,2,1
135,1,15500000,1,2,0,3,0
136,1,2000000,1,1,0,3,0
137,1,3700000,1,1,0,1,0
138,1,1700000,1,2,0,2,1
139,1,7000000,1,2,1,3,0
140,1,4000000,0,2,0,2,0
141,1,4000000,1,2,0,3,0
142,1,8000000,1,2,1,2,0
143,1,7000000,0,3,1,1,1
144,1,3000000,1,1,0,1,0
145,1,3000000,1,2,0,1,0
146,2,5000000,1,2,0,2,0
147,1,4293581,0,3,0,3,0
148,1,26000000,1,2,1,3,0
149,1,7500000,0,3,0,2,0
150,1,0,0,0,0,3,1
151,1,3000000,1,2,0,2,0
152,1,8000000,1,2,1,3,0
153,1,5000000,0,1,0,2,0
154,1,8000000,1,2,0,2,0
155,2,3000000,0,1,0,2,0
156,1,4000000,0,3,0,3,0
157,1,1500000,1,2,1,3,0
158,1,4400000,1,2,0,2,0
159,1,20000000,1,2,1,3,0
160,1,1500000,1,1,0,2,1
161,1,2000000,1,2,0,2,1
162,2,2000000,1,1,0,2,1
163,1,4000000,1,2,0,2,0
164,1,5400000,0,2,0,1,0
165,1,3000000,1,2,0,2,1
166,1,2700000,1,2,0,1,0
167,1,4000000,1,2,0,2,0
168,1,4000000,1,2,1,2,0
169,1,2700000,1,2,0,2,0
170,1,4500000,1,1,0,2,1
171,1,2500000,1,2,0,2,0
172,1,0,0,3,0,1,1
173,1,20000000,1,1,1,3,0
174,1,5000000,1,1,1,3,0
175,1,3500000,1,1,0,2,0
176,1,1500000,1,1,1,2,0
177,1,4608000,1,1,0,3,0
178,1,1000000,1,3,0,2,1
179,1,2000000,1,1,0,1,0
180,1,5000000,0,3,1,3,0
181,1,3000000,0,1,0,2,0
182,1,5000000,1,4,0,2,0
183,1,2500000,1,2,0,3,0
184,1,10000000,1,1,1,3,0
185,1,10000000,1,3,1,2,0
186,1,4700000,1,2,1,1,0
187,1,2000000,1,1,0,1,0
188,1,5500000,1,1,0,2,0
189,1,2500000,0,2,0,2,0
190,2,500000,1,1,0,2,1
191,1,1500000,1,2,0,1,0
192,1,4507500,1,2,0,2,0
193,1,5000000,0,1,0,3,0
194,1,16000000,1,3,1,3,0
195,1,8000000,0,1,0,3,0
196,1,20000000,1,3,1,3,0
197,1,5000000,1,1,0,3,0
198,1,8000000,1,2,1,1,0
199,1,3000000,1,3,0,2,0
200,1,11680686,1,3,1,3,0
201,1,2000000,0,2,0,2,1
202,1,10000000,1,2,0,2,0
203,1,5000000,1,3,0,2,0
204,1,73000000,1,1,1,3,0
205,1,1000000,1,2,0,3,0
206,1,4000000,0,1,0,1,1
207,1,7567590,1,3,1,2,0
208,1,1000000,1,3,0,2,0
209,1,6150000,0,2,0,3,0
210,1,8454500,1,4,0,1,0
211,1,4185500,0,2,0,2,1
212,1,5000000,1,3,0,2,0
213,1,2500000,1,1,2,3,0
214,1,2000000,1,4,0,2,1
215,1,8000000,1,2,0,2,0
216,1,8000000,1,2,1,3,0
217,1,30000000,1,3,1,3,0
218,1,2000000,1,3,0,2,0
219,1,5000000,1,2,0,3,0
220,2,3000000,1,2,1,2,0
221,1,4500000,1,1,1,3,0
222,1,500000,1,1,0,2,1
223,1,4000000,1,2,1,2,0
224,1,15000000,1,3,2,2,0
225,1,5000000,1,3,0,2,0
226,1,3100000,1,2,0,2,0
227,1,6000000,0,2,0,2,1
228,1,3500000,1,2,0,2,0
229,1,6000000,0,4,0,2,0
230,1,8000000,1,2,1,2,0
231,2,1955500,1,2,1,2,0
232,1,0,1,2,1,3,0
233,1,9778800,1,3,1,2,0
234,2,2100000,1,1,0,2,0
235,1,8000000,1,2,0,3,0
236,1,5000000,1,1,0,2,0
237,1,3000000,1,2,0,3,0
238,1,5000000,1,3,1,3,0
239,1,7000000,1,3,0,3,0
240,1,450000,1,1,0,1,1
241,1,5000000,1,2,0,2,0
242,1,5000000,1,3,0,2,0
243,1,4250000,1,2,0,2,0
244,1,3000000,1,2,0,2,0
245,1,3000000,1,2,0,3,0
246,4,0,1,1,0,2,1
247,1,3000000,1,3,0,2,0
248,1,39524000,1,2,1,3,0
249,1,500000,0,1,0,1,0
250,1,500000,1,1,0,1,0
251,1,3000000,0,2,0,2,1
252,1,3000000,1,3,0,3,0
253,1,4000000,1,2,0,2,0
254,1,9000000,1,1,0,1,0
255,1,8400000,0,3,1,3,0
256,1,4000000,1,2,1,2,0
257,1,1000000,1,2,0,2,0
258,1,20000000,1,1,2,3,0
259,1,12500000,1,2,1,2,0
260,1,5000000,0,2,1,3,0
261,2,9500000,1,3,0,1,0
262,1,5500000,1,2,0,2,0
263,1,7000000,1,2,0,2,0
264,1,8500000,1,1,1,3,0
265,1,10000000,1,3,1,2,0
266,1,1800000,0,1,0,2,1
267,2,1500000,0,1,0,2,1
268,2,500000,1,1,0,1,1
269,1,750000,1,1,0,2,1
270,1,4000000,1,2,0,3,0
271,1,9000000,1,1,1,3,0
272,1,4000000,0,1,0,2,0
273,2,0,1,2,0,2,1
274,1,3000000,1,2,0,3,0
275,2,8000000,1,3,1,3,0
276,1,1500000,1,1,0,2,0
277,1,2500000,0,2,0,2,1
278,1,5000000,1,2,1,1,0
279,1,3000000,0,1,0,3,0
280,4,1500000,1,2,0,2,1
281,1,2000000,1,2,0,1,1
282,1,1000000,0,1,0,2,1
283,1,4000000,1,3,0,2,0
284,1,1750000,0,1,0,1,1
285,1,4000000,1,4,0,2,0
286,1,30000000,1,1,1,3,0
287,1,6000000,1,1,1,2,0
288,2,1500000,0,2,0,3,1
289,2,0,1,3,0,1,0
290,1,4500000,1,1,1,3,0
291,1,14500000,1,2,1,3,0
292,1,10000000,1,2,1,3,0
293,1,12000000,1,4,0,3,0
294,1,3000000,1,1,0,2,1
295,1,2500000,1,2,3,1,0
296,1,2700000,1,2,1,2,0
297,1,25000000,1,3,2,3,0
298,1,3500000,1,2,0,3,0
299,1,19000000,1,2,2,3,0
300,1,15000000,1,1,1,3,0
301,1,1500000,1,2,0,2,1
302,1,4500000,1,2,0,2,0
303,1,7000000,1,2,1,3,0
304,1,5900000,1,2,0,2,0
305,1,3000000,1,2,0,2,1
306,2,4000000,1,3,0,2,0
307,1,4000000,1,3,1,2,0
308,1,2500000,1,1,0,2,0
309,1,10000000,1,2,1,2,0
310,1,5300000,1,1,0,1,0
311,1,7000000,1,2,0,2,0
312,1,2000000,1,3,0,2,0
313,1,5000000,1,2,1,3,0
314,1,4000000,1,3,0,2,0
315,1,20000000,1,3,1,3,0
316,1,3000000,1,3,0,2,0
317,1,10720000,1,2,1,3,0
318,1,6000000,0,2,0,3,0
319,1,6500000,1,1,1,1,0
320,1,6000000,1,2,0,3,0
321,1,18000000,1,2,1,3,0
322,1,3000000,0,2,0,3,1
323,1,4000000,1,1,0,2,0
324,1,4000000,1,2,1,2,0
325,1,4000000,1,2,0,3,0
326,2,2000000,1,2,0,2,0
327,1,2000000,0,2,0,1,1
328,1,3000000,1,3,0,1,0
329,1,5238400,1,3,0,2,0
330,2,3000000,1,2,0,3,0
331,1,1000000,0,1,0,1,0
332,1,10000000,1,2,0,2,0
333,1,8000000,1,2,0,3,0
334,2,6000000,1,2,1,2,0
335,1,3000000,1,2,0,2,0
336,1,17000000,1,1,1,3,0
337,1,6000000,1,2,0,3,0
338,1,3000000,1,2,0,1,0
339,1,4300000,0,2,0,2,0
340,1,3500000,0,2,0,2,0
341,1,5906900,1,2,0,2,0
342,1,3300000,1,2,0,2,0
343,1,3500000,1,1,0,2,0
344,1,15000000,1,3,0,2,0
345,4,10000000,1,3,0,3,0
346,1,8000000,1,2,1,2,0
347,1,500000,1,2,0,1,1
348,1,0,1,2,1,3,0
349,1,5000000,0,1,0,3,0
350,1,5203157,1,3,1,2,0
351,1,7000000,1,3,1,2,0
352,1,10000000,1,2,1,3,0
353,1,1200000,1,1,0,1,1
354,1,3800000,1,1,0,3,0
355,1,6000000,1,1,0,2,0
356,1,6000000,1,1,1,2,0
357,1,0,0,2,0,2,1
358,1,2000000,0,1,0,3,1
359,1,3000000,1,2,0,2,0
360,2,2500000,1,2,1,3,0
361,1,4700000,1,2,0,2,0
362,1,7000000,1,2,1,3,0
363,1,3000000,1,2,1,2,0
364,1,1500000,1,2,0,3,1
365,2,1700000,1,2,1,3,0
366,1,3500000,1,1,1,2,0
367,1,5000000,1,1,0,2,0
368,1,2500000,1,2,0,2,1
369,1,3500000,1,1,0,3,0
370,1,4000000,1,2,0,2,0
371,1,16000000,1,3,1,3,0
372,1,10000000,1,2,1,3,0
373,1,7000000,1,2,1,2,0
374,1,1000000,1,3,0,2,1
375,1,5500000,1,2,1,2,0
376,4,5000000,1,2,0,3,0
377,1,3000000,0,2,1,2,0
378,1,2500000,1,2,1,3,0
379,1,3500000,1,3,1,3,0
380,1,3200000,1,3,0,2,1
381,1,1500000,1,3,0,2,1
382,1,2400000,1,2,0,2,0
383,1,4700000,1,1,1,3,0
384,1,1800,1,3,0,1,0
385,1,10000000,0,3,0,2,0
386,1,2200000,1,1,0,1,1
387,1,7000000,1,3,0,2,0
388,1,5000000,1,3,0,2,0
389,1,5000000,1,2,0,3,0
390,1,7500000,1,1,1,3,0
391,1,4300000,1,2,0,2,0
392,1,4200000,0,2,0,2,0
393,1,4000000,1,2,0,3,0
394,1,5000000,0,3,0,3,0
395,1,5000000,1,2,0,3,0
396,1,4700000,0,2,0,3,0
397,1,1000000,1,4,0,3,0
398,1,5000000,1,2,1,3,0
399,1,5000000,1,2,0,2,0
400,1,2500000,1,2,0,2,0
401,1,1000000,1,2,0,1,1
402,1,6769024,1,3,0,2,0
403,1,2500000,1,2,0,2,0
404,1,1000000,1,1,0,1,0
405,1,0,1,1,0,3,0
406,1,1500000,1,2,0,3,0
407,1,5000000,1,3,0,2,0
408,1,4500000,1,2,1,1,0
409,1,6000000,1,1,0,2,0
410,1,1200000,0,2,0,3,1
411,1,2200000,1,2,0,2,0
412,1,10000000,1,2,1,2,0
413,1,6850000,1,2,0,2,0
414,1,2000000,1,3,0,2,0
415,1,4000000,0,3,0,2,0
416,1,7602033,1,2,0,2,0
417,1,3000000,1,2,0,2,0
418,1,6000000,1,2,0,1,0
419,2,2000000,0,1,0,1,1
420,1,2000000,1,2,0,2,0
421,1,1000000,1,1,0,2,1
422,1,3000000,1,4,0,3,0
423,1,0,1,1,0,1,0
424,1,6500000,1,2,0,3,0
425,1,5000000,1,2,1,3,0
426,1,3000000,0,2,0,2,0
427,1,4616000,0,2,0,2,1
428,2,2500000,1,1,0,2,0
429,1,0,1,0,2,3,0
430,1,3000000,1,0,0,1,0
431,1,3500000,0,2,0,3,0
432,1,3000000,1,1,0,2,0
433,1,1500000,1,2,0,1,1
434,1,8000000,1,2,1,3,1
435,1,4000000,1,1,0,2,0
436,1,1500000,1,1,0,2,0
437,1,6000000,1,1,0,2,0
438,1,10000000,1,4,1,3,0
439,1,6000000,1,1,1,2,0
440,1,6000000,1,2,0,2,0
441,1,4500000,1,2,1,2,0
442,1,5000000,1,2,0,2,0
443,1,4000000,1,2,1,2,0
444,1,1000000,0,1,0,2,0
445,1,4796540,0,2,0,3,0
446,1,9000000,1,3,1,3,0
447,1,3500000,1,2,1,3,0
448,1,7000000,1,3,0,3,0
449,1,20000000,1,2,2,3,0
450,1,2474100,1,2,0,2,0
451,1,5000000,1,2,1,2,0
452,2,2000000,1,1,0,2,1
453,1,8000000,1,3,1,2,0
454,1,1500000,0,1,0,1,1
455,1,4500000,1,2,0,1,0
456,1,3000000,0,2,0,2,1
457,1,8000000,1,2,2,3,0
458,1,4200000,0,1,0,2,1
459,1,3500000,1,1,0,2,0
460,1,7000000,1,3,0,2,0
461,1,8000000,1,2,1,2,0
462,1,2000000,1,2,1,2,0
463,1,13000000,1,2,0,2,0
464,2,500000,0,2,0,3,1
465,1,6100000,1,3,0,2,0
466,1,4000000,1,3,0,2,0
467,1,11860000,0,0,1,3,0
468,1,5000000,1,1,0,3,0
469,1,3000000,1,1,1,3,0
470,1,6000000,1,2,0,2,0
471,1,2000000,0,2,0,2,1
472,2,4000000,1,3,1,3,0
473,4,5000000,1,1,0,2,0
474,1,4500000,1,2,0,2,0
475,1,1700000,1,3,0,1,0
476,1,4800000,1,2,1,3,0
477,1,4301000,1,1,0,2,0
478,1,2000000,1,1,0,2,1
479,1,3000000,1,2,0,2,0
480,1,3000000,1,1,1,2,0
481,1,3000000,1,2,0,2,0
482,1,300000,0,1,0,3,1
483,1,4000000,0,3,0,3,0
484,1,4300000,1,2,0,2,0
485,1,10000000,1,2,1,3,0
486,1,3500000,1,4,0,2,0
487,1,3250000,1,3,0,2,0
488,1,2500000,1,2,0,2,0
489,1,5000000,1,2,0,2,0
490,1,3000000,1,4,1,2,0
491,1,4000000,1,2,1,2,0
492,1,5000000,0,2,0,2,0
493,1,6500000,0,1,1,3,0
494,1,2500000,1,2,1,1,0
495,1,3000000,1,2,0,3,0
496,1,42000000,1,2,2,3,0
497,1,1000000,1,3,0,1,1
498,1,10400000,0,2,1,2,0
499,1,3000000,1,1,0,1,0
500,1,3000000,1,3,1,2,0
501,1,1000000,1,0,0,1,1
502,1,19000000,1,2,0,3,0
503,1,10500000,1,4,0,3,0
504,1,4300000,1,2,0,3,0
505,1,6000000,1,4,1,2,0
506,1,1000000,1,1,0,1,0
507,1,6000000,1,3,1,3,0
508,1,6500000,1,3,1,3,0
509,1,5000000,1,2,1,3,0
510,1,10000000,1,2,1,2,0
511,1,3000000,1,2,0,1,0
512,1,4438200,1,2,1,3,0
513,2,10000000,1,2,0,3,0
514,1,4000000,1,2,0,3,0
515,1,5000000,1,3,1,3,0
516,1,4000000,1,2,0,2,0
517,1,3300000,0,2,0,2,0
518,1,5000000,0,1,0,3,1
519,1,3000000,1,4,0,2,0
520,1,3000000,1,2,0,3,0
521,1,5000000,1,2,1,2,0
522,1,2200000,0,2,0,2,0
523,1,3500000,1,2,0,2,0
524,1,4000000,0,2,0,2,0
525,1,3500000,1,3,1,2,0
526,1,4500000,0,2,0,2,0
527,1,1500000,0,2,0,1,0
528,1,45000000,1,1,0,3,0
529,1,1000000,1,1,0,2,1
530,1,19000000,1,2,1,3,0
531,1,10658200,1,4,1,3,0
532,1,6300000,0,2,0,2,0
533,1,5000000,1,3,1,3,0
534,1,1500000,1,2,0,2,0
535,1,10000000,1,3,1,3,0
536,1,7000000,1,3,1,3,0
537,1,7000000,1,3,2,3,0
538,1,6500000,1,2,0,3,0
539,1,13200000,1,2,0,3,0
540,1,7500000,1,3,1,3,0
541,1,1500000,1,1,0,2,1
542,1,8000000,1,2,0,2,0
543,1,0,1,4,0,2,0
544,1,3000000,1,3,1,2,0
545,1,4000000,1,1,1,2,0
546,1,7500000,1,2,0,2,0
547,1,2000000,0,2,0,3,0
548,2,1000000,1,1,0,1,1
549,1,6500000,1,2,0,2,0
550,4,1982000,1,2,0,2,0
551,1,10000000,1,2,0,3,0
552,1,10000000,1,2,1,3,0
553,1,6000000,1,2,0,2,0
554,1,3000000,1,1,0,2,1
555,1,30000000,1,3,1,3,0
556,1,6000000,1,2,0,3,0
557,1,6300000,1,2,0,2,0
558,1,4500000,1,2,1,2,0
559,1,7900000,0,2,1,3,0
560,1,1250000,1,1,0,2,1
561,1,4000000,0,2,0,2,0
562,1,4182287,0,2,0,2,1
563,1,5000000,0,2,0,2,0
564,1,1172500,0,2,0,2,0
565,1,4000000,0,2,1,2,0
566,1,2000000,1,1,0,2,0
567,1,5000000,1,1,1,2,0
568,4,0,1,1,0,2,0
569,1,3000000,1,2,0,2,1
570,1,1800000,0,2,0,3,1
571,1,8700000,1,3,1,3,0
572,1,2700000,1,1,0,1,1
573,1,10000000,1,1,1,3,0
574,1,3000000,1,1,0,2,0
575,1,3800000,1,3,0,3,0
576,1,4500000,0,2,0,2,0
577,1,5000000,1,2,0,3,0
578,1,4500000,0,2,0,2,0
579,1,8600000,1,2,1,2,0
580,1,4000000,1,2,0,3,0
581,1,4000000,1,2,1,3,0
582,1,15000000,1,3,1,2,0
583,1,3000000,1,3,0,2,0
584,1,0,1,1,0,3,0
585,1,1500000,1,1,0,1,1
586,1,5000000,1,2,1,2,0
587,1,5000000,1,2,1,2,0
588,1,10000000,1,2,2,3,0
589,1,5000000,1,1,0,2,0
590,1,5500000,0,3,1,3,0
591,1,1750000,1,1,0,1,1
592,1,2530489,1,1,0,2,1
593,1,5000000,1,1,1,3,0
594,1,15000000,1,3,2,3,0
595,1,4500000,1,3,1,2,0
596,1,1750000,0,2,0,2,1
597,1,7000000,1,2,1,3,0
598,1,10000000,1,2,1,2,0
599,1,3500000,1,3,0,2,0
600,4,4000000,0,2,0,2,0
601,1,3500000,1,1,0,2,0
602,1,10000000,1,1,1,3,0
603,1,7000000,1,3,1,3,0
604,1,1000000,1,2,0,1,0
605,1,14000000,1,1,0,3,0
606,1,5000000,1,3,0,3,0
607,1,300000,1,2,0,3,0
608,1,3700000,0,3,0,3,1
609,1,3000000,1,2,0,2,0
610,1,6250000,1,3,1,3,0
611,1,5500000,0,2,0,3,0
612,1,3000000,1,2,0,2,0
613,1,3500000,0,2,0,2,0
614,1,4000000,1,2,0,1,0
615,2,1300000,1,1,0,2,1
616,1,2000000,1,1,0,2,0
617,1,3500000,1,1,1,3,0
618,1,2700000,1,3,0,2,0
619,1,2500000,1,3,1,2,0
620,1,5000000,1,4,0,2,0
621,1,2850000,0,2,0,2,0
622,1,5600000,1,3,0,2,0
623,1,4000000,0,2,0,2,0
624,1,0,1,3,1,2,0
625,1,1200000,1,3,0,3,0
626,1,800000,1,2,0,2,0
627,1,2499000,1,1,0,1,0
628,1,8300000,1,2,1,2,0
629,1,8980400,1,2,1,2,0
630,2,8000000,1,2,1,3,0
631,1,8000000,1,2,1,3,0
632,1,1500000,1,1,0,2,0
633,1,3500000,0,1,0,1,0
634,1,5100000,0,1,0,3,0
635,1,2000000,1,1,0,2,0
636,1,3250000,0,2,0,3,1
637,1,600000,1,1,0,1,1
638,1,0,0,1,0,3,1
639,1,5000000,1,2,1,3,0
640,2,0,1,2,0,2,0
641,1,5000000,1,1,1,1,0
642,1,4400000,1,1,1,3,0
643,1,8000000,1,2,1,3,0
644,1,10000000,1,3,0,3,0
645,1,7500000,1,1,1,3,0
646,1,6000000,1,1,1,3,0
647,1,10000000,1,3,1,3,0
648,2,1000000,1,2,0,3,1
649,1,6000000,1,2,0,3,0
650,1,600000,1,1,0,1,0
651,1,18500000,1,2,1,3,0
652,1,13632102,0,2,0,3,0
653,1,3500000,1,2,0,3,0
654,1,9000000,1,2,0,2,0
655,2,1500000,1,1,1,2,0
656,1,4200000,1,3,1,3,0
657,1,0,1,1,1,3,0
658,1,9252493,0,2,0,3,0
659,1,7500000,1,2,0,3,0
660,2,1000000,1,1,0,1,1
661,2,6305000,1,2,0,3,0
662,2,1000000,0,1,0,3,1
663,1,3500000,1,3,0,3,0
664,1,0,1,2,1,3,0
665,1,7900000,1,2,1,2,0
666,1,1500000,1,2,0,2,0
667,1,10000000,1,2,1,3,0
668,1,2400000,1,1,0,2,0
669,1,1500000,1,1,1,3,0
670,1,6000000,1,2,1,3,0
671,1,8035300,1,2,0,2,0
672,1,3000000,1,2,0,1,1
673,1,25000000,0,2,1,3,0
674,1,750000,1,2,0,2,1
675,1,10000000,1,2,1,2,0
676,1,5000000,0,4,1,2,0
677,1,6500000,1,2,0,2,0
678,1,1200000,1,3,1,2,0
679,1,15000000,1,2,1,3,0
680,1,9000000,1,4,1,3,0
681,1,4000000,0,3,0,2,0
682,1,4000000,1,3,1,3,0
683,1,3500000,1,2,0,2,0
684,2,2400000,1,1,0,1,0
685,1,5000000,1,1,0,3,0
686,1,2000000,1,2,1,3,0
687,2,600000,1,2,0,2,0
688,1,9300000,1,2,0,2,0
689,2,4350000,1,2,1,1,0
690,2,0,0,2,0,3,1
691,1,5000000,1,3,1,2,0
692,1,1000000,1,1,0,3,0
693,1,25000000,1,2,2,3,0
694,1,0,1,2,0,1,0
695,1,3500000,1,2,0,3,0
696,2,2000000,1,2,0,2,1
697,1,1500000,1,3,0,2,0
698,1,2500000,0,2,0,2,0
699,1,3000000,1,2,0,1,0
700,1,1000000,0,0,0,3,0
701,1,4565736,1,3,0,3,1
702,1,3993060,0,1,0,2,0
703,1,4500000,1,2,0,1,1
704,1,7000000,1,2,1,3,0
705,1,500000,0,1,0,2,0
706,2,3000000,1,2,1,2,0
707,1,7500000,1,3,0,2,0
708,1,3000000,0,1,0,1,0
709,1,6000000,1,1,1,3,0
710,2,2000000,0,0,0,3,1
711,1,4000000,1,2,0,1,0
712,1,1300000,0,1,1,3,1
713,1,2000000,1,2,0,1,1
714,1,1300000,1,2,0,1,0
715,1,8000000,1,2,0,2,0
716,1,4250000,1,1,0,2,0
717,1,4700000,0,2,1,3,0
718,1,49500000,1,1,1,3,0
719,1,2000000,1,1,0,2,0
720,1,5600000,1,2,1,2,0
721,2,4200000,1,2,0,3,1
722,1,4500000,1,2,0,1,1
723,1,3400000,0,2,0,2,1
724,1,2000000,1,3,0,1,1
725,4,1000000,1,2,0,1,1
726,1,8000000,1,2,1,2,0
727,1,4000000,1,1,0,3,0
728,1,3500000,0,2,0,1,1
729,1,5500000,0,1,0,2,0
730,1,3000000,1,1,0,2,0
731,1,1000000,1,2,0,2,0
732,1,10000000,1,4,2,3,0
733,2,700000,0,0,0,2,1
734,1,8012000,1,1,1,2,0
735,1,4000000,1,1,1,1,0
736,1,5000000,1,3,0,2,0
737,1,2000000,0,3,1,1,0
738,1,13000000,1,2,1,3,0
739,1,4000000,1,2,0,2,0
740,1,27000000,1,2,1,3,0
741,1,6500000,1,2,0,2,0
742,1,15000000,1,3,1,3,0
743,1,4000000,0,2,0,3,1
744,1,4800000,1,2,0,2,0
745,1,3000000,1,3,0,2,0
746,1,4000000,1,3,0,2,0
747,1,3000000,0,2,0,2,0
748,1,3500000,1,2,0,2,0
749,2,500000,1,1,0,2,1
750,1,4500000,1,2,0,2,0
751,2,1100000,0,2,0,2,1
752,1,2000000,1,1,0,3,0
753,1,12000000,1,1,1,3,0
754,1,5500000,1,1,0,1,0
755,1,2000000,1,2,0,1,0
756,1,3000000,1,3,0,3,0
757,1,3000000,0,2,0,2,0
758,1,2100000,0,1,0,1,1
759,1,3000000,1,2,0,1,0
760,1,3500000,0,3,0,2,0
761,4,1000000,1,2,0,1,0
762,1,5000000,1,2,0,2,0
763,1,6000000,1,3,0,2,0
764,1,1500000,0,3,0,2,0
765,1,2500000,1,2,0,1,0
766,4,5000000,1,2,1,2,0
767,2,3743100,1,2,0,2,0
768,1,3000000,1,1,0,2,0
769,1,1500000,1,2,1,2,0
770,1,4000000,1,2,1,3,0
771,1,4845157,1,4,1,2,0
772,1,5734000,1,2,0,3,0
773,1,500000,1,1,0,1,1
774,1,12000000,1,1,1,3,0
775,1,10000000,0,3,1,2,0
776,2,4000000,1,1,0,1,1
777,1,3500000,1,3,0,3,0
778,1,5000000,0,3,0,2,0
779,4,1300000,1,1,0,1,0
780,1,3000000,1,2,0,2,0
781,1,1200000,1,2,0,2,1
782,1,3000000,1,2,0,3,0
783,1,6153000,1,4,0,2,0
784,1,3000000,1,1,0,2,0
785,1,5000000,1,2,1,2,0
786,1,3000000,0,0,0,2,1
787,1,2000000,1,1,0,2,1
788,1,8300000,1,2,0,3,0
789,4,3000000,1,2,1,2,1
790,1,2500000,1,2,0,3,0
791,1,8463200,1,1,1,2,0
792,1,8000000,1,1,0,2,0
793,1,9650000,1,1,1,3,0
794,1,3490000,1,2,0,2,0
795,1,20000000,1,1,1,3,0
796,1,8000000,1,2,0,2,0
797,1,5200000,1,2,1,3,0
798,1,4000000,1,2,0,2,0
799,1,4000000,1,2,0,2,0
800,1,1000000,1,3,0,2,0
801,1,7000000,1,5,0,2,0
802,1,4500000,1,1,0,2,1
803,1,950000,0,2,0,1,1
804,1,10000000,1,3,1,3,0
805,1,500000,1,2,0,1,0
806,2,500000,1,1,0,2,1
807,1,8500000,1,2,0,3,0
808,1,7500000,1,2,0,2,0
809,1,5000000,1,2,0,2,0
810,1,4293582,1,2,0,2,0
811,1,1500000,1,2,0,2,1
812,1,4000000,1,1,1,2,0
813,1,4500000,1,1,1,1,1
814,1,1500000,1,2,0,3,0
815,1,1500000,1,1,0,1,0
816,4,1000000,1,1,0,2,0
817,2,1500000,1,0,0,2,1
818,1,800000,1,1,0,3,0
819,1,2500000,1,2,0,2,0
820,1,5000000,0,2,1,3,0
821,1,10000000,0,2,0,3,0
822,1,6000000,1,3,0,2,0
823,2,1000000,0,2,0,2,1
824,1,5500000,1,2,1,1,0
825,1,8000000,0,1,0,3,1
826,1,7000000,1,2,1,2,0
827,1,4000000,1,4,1,1,0
828,2,500000,1,3,0,2,0
829,1,4300497,0,2,0,2,0
830,4,0,1,2,0,1,1
831,1,4000000,0,2,0,1,1
832,1,3500000,1,2,0,2,0
833,1,3000000,1,2,2,3,0
834,1,4500000,1,2,0,2,0
835,1,1000000,0,2,0,3,1
836,1,10000000,1,1,2,3,0
837,1,7000000,1,2,0,2,0
838,1,6000000,1,3,0,3,0
839,4,800000,1,1,0,1,0
840,1,5000000,1,4,1,1,0
841,1,2500000,1,2,0,1,0
842,1,2500000,1,1,0,2,0
843,1,4000000,1,3,0,2,0
844,1,2500000,1,2,1,2,0
845,1,7000000,1,3,0,3,0
846,1,4000000,1,1,0,2,0
847,1,1500000,0,1,0,3,0
848,4,3000000,0,2,0,1,1
849,1,2000000,1,3,0,2,0
850,1,3000000,1,2,0,2,0
851,1,750000,0,2,0,1,1
852,1,5500000,1,3,2,2,0
853,1,2700000,0,1,0,2,1
854,1,750000,1,1,0,1,0
855,1,300000,1,2,0,2,0
856,1,6000000,1,2,1,2,0
857,1,8200000,1,2,0,2,0
858,1,1000000,0,2,0,2,0
859,1,2500000,0,1,0,2,0
860,1,2500000,0,1,0,3,0
861,4,3400000,1,3,0,2,0
862,1,4000000,1,2,0,2,0
863,1,4300000,1,3,0,2,0
864,2,4904900,1,2,1,2,0
865,1,8000000,1,3,1,2,0
866,1,10000000,1,2,1,3,0
867,2,0,0,3,0,2,1
868,4,2500000,1,2,0,2,1
869,1,15000000,1,3,1,3,0
870,1,1500000,1,1,0,2,1
871,4,750000,1,1,1,1,1
872,1,1900000,0,2,0,3,1
873,1,1750000,1,2,0,1,1
874,1,2000000,1,1,1,2,0
875,1,1500000,1,0,0,2,0
876,1,2000000,1,2,0,2,0
877,2,3164900,0,3,0,2,0
878,1,2000000,1,2,0,2,0
879,1,3000000,1,2,0,3,0
880,1,8000000,1,2,1,3,0
881,1,3000000,1,2,0,3,0
882,1,4050000,1,3,1,2,0
883,1,8000000,1,2,1,3,0
884,2,1800000,1,2,0,2,1
885,1,3568200,1,2,0,2,0
886,1,10000000,0,3,0,3,0
887,1,25000000,1,2,1,3,0
888,1,3000000,0,0,0,3,0
889,1,3000000,0,2,0,2,1
890,1,1000000,0,1,0,2,1
891,1,6500000,1,4,0,2,0
892,1,5000000,1,1,0,1,0
893,1,5000000,1,2,0,3,0
894,1,3000000,1,2,0,2,0
895,1,5700000,1,2,0,2,0
896,1,8000000,1,3,1,2,0
897,1,2500000,1,1,1,3,1
898,2,0,0,1,1,1,0
899,1,1250000,0,3,0,1,1
900,1,12000000,0,1,1,3,0
901,1,3000000,1,2,0,3,0
902,1,5000000,1,1,1,3,0
903,1,1800000,1,2,0,2,0
904,2,2500000,0,1,0,2,1
905,1,2500000,1,1,0,2,0
906,2,5000000,1,1,0,3,0
907,2,2000000,1,2,0,2,0
908,1,2500000,1,1,0,1,0
909,1,4000000,1,2,0,2,0
910,1,9500000,1,3,1,3,0
911,2,3500000,0,2,0,3,0
912,1,2000000,0,2,0,3,0
913,2,4700000,1,1,1,2,0
914,1,2500000,0,1,0,1,0
915,1,7500000,0,3,0,3,0
916,1,2000000,1,2,0,2,0
917,1,1000000,1,2,1,2,1
918,1,4000000,1,2,1,2,0
919,1,1500000,1,2,0,2,0
920,1,3000000,1,2,0,3,0
921,1,200000,1,1,0,1,1
922,1,30000000,1,1,3,3,0
923,2,0,0,1,0,3,1
924,1,16500000,1,3,2,3,0
925,1,12000000,0,1,1,3,0
926,1,4793000,1,3,0,2,0
927,1,8000000,1,3,1,3,0
928,2,2000000,1,2,0,2,0
929,1,4500000,1,2,1,2,0
930,1,4000000,1,2,0,2,0
931,1,4500000,0,2,0,2,0
932,1,5442100,1,2,1,3,0
933,1,5000000,1,2,0,3,1
934,1,4000000,1,2,0,2,0
935,1,8500000,1,2,1,2,0
936,1,2000000,1,2,0,1,1
937,1,2500000,1,1,0,3,0
938,1,7500000,1,2,0,2,0
939,4,9000000,1,2,1,3,0
940,1,4000000,1,2,1,2,0
941,1,5700000,1,2,0,2,0
942,1,4000000,1,2,0,3,0
943,1,3000000,1,1,0,2,0
944,1,22166233,1,3,1,2,0
945,1,3000000,1,2,1,2,0
946,1,6000000,1,4,1,3,0
947,1,8000000,1,4,1,2,0
948,1,8600000,1,2,1,2,0
949,1,3500000,1,3,0,2,0
950,1,5500000,1,2,0,3,0
951,1,2200000,1,3,0,1,1
952,1,2000000,1,3,1,1,0
953,1,4000000,1,3,0,2,0
954,1,2000000,1,2,0,1,0
955,1,1500000,0,1,0,2,1
956,1,6113833,1,2,1,2,0
957,1,2000000,1,1,0,2,1
958,1,5000000,1,3,1,3,0
959,1,7000000,1,3,0,2,0
960,1,4000000,1,3,0,2,0
961,1,5500000,1,5,1,2,0
962,1,2000000,0,1,0,2,1
963,1,1000000,1,2,0,1,1
964,1,10000000,1,2,1,2,0
965,1,2500000,1,2,0,3,0
966,1,3000000,1,1,0,2,0
967,1,5000000,1,2,1,2,0
968,1,17000000,1,3,2,3,0
969,1,3000000,1,2,0,2,0
970,1,7000000,1,2,0,2,0
971,1,2500000,1,2,0,1,0
972,1,8700000,0,4,0,2,0
973,1,4500000,1,3,0,2,0
974,1,5000000,1,2,0,2,0
975,1,3000000,1,2,0,3,1
976,1,6000000,1,2,0,2,0
977,1,2000000,1,1,0,2,0
978,2,2500000,1,2,1,3,0
979,1,16000000,1,1,1,3,0
980,1,12500000,1,2,1,3,0
981,1,4000000,0,1,0,2,0
982,1,5000000,1,3,0,2,0
983,1,10000000,1,2,1,3,0
984,1,7500000,1,3,1,3,0
985,1,2000000,0,0,0,2,1
986,1,4500000,1,1,1,2,0
987,1,5000000,1,4,0,2,1
988,1,6000000,1,3,0,3,0
989,1,7500000,1,3,1,2,0
990,1,8500000,1,3,0,3,0
991,1,27000000,1,1,3,3,0
992,1,25000000,1,1,1,3,0
993,1,1000000,1,1,0,2,0
994,2,500000,1,1,0,1,1
995,1,5000000,1,2,0,2,0
996,1,10000000,1,2,1,3,0
997,1,0,0,1,0,1,1
998,1,3000000,1,2,0,2,0
999,1,4200000,1,2,0,3,0
1000,1,5500000,1,3,0,2,0
1001,1,2000000,1,2,0,3,0
1002,1,1000000,1,2,0,2,0
1003,1,2000000,0,2,0,2,1
1004,2,2000000,1,0,0,3,0
1005,1,5000000,1,2,1,2,0
1006,1,6000000,0,1,1,3,0
1007,1,1500000,1,3,0,2,0
1008,1,2500000,1,2,1,2,0
1009,1,3000000,1,2,0,2,0
1010,2,0,1,1,0,3,1
1011,1,9000000,1,2,1,2,0
1012,1,1500000,1,2,0,2,0
1013,1,16000000,1,2,1,3,0
1014,1,4000000,1,3,1,1,1
1015,1,1500000,0,1,0,1,1
1016,1,1500000,1,2,0,2,1
1017,1,2500000,0,1,0,1,0
1018,4,2000000,1,3,0,2,1
1019,1,1500000,1,2,0,1,1
1020,1,1750000,0,2,0,2,1
1021,1,5000000,1,2,0,2,0
1022,1,1200000,1,2,0,2,1
1023,1,8000000,1,3,0,2,0
1024,1,3000000,0,2,0,3,0
1025,1,2500000,1,3,0,2,0
1026,1,2000000,1,2,0,1,0
1027,1,11000000,1,2,1,3,0
1028,1,3250000,1,3,0,3,0
1029,1,3000000,1,2,0,2,0
1030,1,1500000,0,2,0,2,0
1031,1,4000000,0,2,0,2,0
1032,2,4400000,1,2,0,2,0
1033,1,2500000,1,1,0,2,1
1034,1,3800000,1,1,1,3,0
1035,1,700000,1,1,0,1,1
1036,1,5500000,1,3,1,1,0
1037,1,1000000,1,2,0,2,1
1038,1,6000000,1,2,1,3,0
1039,1,3000000,0,2,0,2,0
1040,1,3000000,1,3,1,2,0
1041,1,4000000,1,1,0,3,0
1042,2,700000,0,2,0,2,1
1043,1,500000,0,1,0,1,1
1044,1,2500000,0,1,0,2,0
1045,1,2500000,1,2,0,1,0
1046,1,2000000,1,1,0,2,0
1047,1,4500000,1,1,1,2,0
1048,1,2000000,1,2,0,3,1
1049,1,500000,1,2,0,2,0
1050,1,3000000,0,1,0,1,0
1051,1,5000000,1,2,0,3,0
1052,1,1500000,1,1,0,1,0
1053,2,3500000,1,2,0,3,0
1054,1,2500000,1,2,0,1,1
1055,1,6000000,1,1,1,3,0
1056,1,2500000,1,1,0,3,1
1057,1,3800000,1,2,0,2,0
1058,1,1500000,0,2,0,2,1
1059,1,4000000,1,5,0,2,0
1060,1,11000000,1,3,1,3,1
1061,1,5500000,1,2,1,2,0
1062,1,600000,1,2,0,1,0
1063,1,16000000,1,1,0,3,0
1064,4,0,1,2,0,2,0
1065,1,4000000,1,3,0,2,0
1066,4,500000,1,1,0,2,1
1067,4,1000000,0,1,0,2,1
1068,1,5000000,1,1,1,2,0
1069,1,3000000,1,2,0,2,0
1070,1,8000000,1,2,0,3,0
1071,1,5000000,1,1,0,2,0
1072,1,5358332,1,1,0,1,0
1073,1,6500000,1,2,0,3,0
1074,1,7000000,1,2,1,3,0
1075,1,1500000,1,1,0,2,0
1076,1,2000000,0,2,0,2,0
1077,1,1100000,0,1,0,2,1
1078,1,2000000,1,2,0,2,1
1079,1,500000,0,1,0,2,1
1080,1,1227500,1,1,0,1,0
1081,1,4000000,1,2,0,2,0
1082,1,1000000,1,3,0,1,0
1083,1,1500000,1,1,0,2,0
1084,1,9000000,1,3,2,3,0
1085,1,4000000,1,2,0,2,0
1086,1,1700000,1,1,0,3,1
1087,1,1000000,1,1,0,2,0
1088,1,8000000,1,3,1,2,0
1089,1,900000,0,2,0,2,1
1090,1,1500000,1,2,0,2,1
1091,1,8500000,1,2,1,2,0
1092,1,4300000,1,3,0,1,0
1093,1,2500000,1,2,0,2,0
1094,1,20000000,1,2,2,3,0
1095,1,750000,1,2,0,2,1
1096,1,6000000,1,3,0,3,0
1097,1,4000000,1,2,0,2,0
1098,1,5500000,1,3,0,2,0
1099,1,3000000,1,3,0,2,1
1100,1,15000000,1,3,1,3,0
1101,1,800000,0,1,0,3,0
1102,1,5000000,0,3,0,3,0
1103,1,6000000,1,2,1,3,0
1104,4,5000000,0,0,0,2,0
1105,1,7000000,1,3,1,2,0
1106,1,2850000,1,2,0,3,0
1107,1,6300000,1,2,1,2,0
1108,1,4000000,1,2,1,3,0
1109,1,10000000,0,3,1,2,0
1110,1,1000000,1,1,0,2,0
1111,1,5000000,1,2,0,2,0
1112,1,6000000,1,4,1,2,0
1113,1,5000000,0,2,1,3,0
1114,1,0,0,0,0,1,0
1115,2,4500000,1,1,0,3,0
1116,1,9700000,1,3,0,3,0
1117,2,5000000,1,3,0,2,0
1118,1,4500000,1,2,2,3,0
1119,1,12000000,1,3,1,3,0
1120,1,500000,1,1,0,2,0
1121,1,5000000,1,3,0,3,0
1122,1,7000000,1,3,0,3,0
1123,1,4000000,1,2,0,2,0
1124,1,10000000,1,2,1,3,0
1125,4,3700000,0,1,0,3,0
1126,1,1500000,0,1,0,1,1
1127,2,4748500,1,2,0,2,0
1128,1,2000000,1,1,0,2,1
1129,2,2900000,1,1,0,1,0
1130,1,1000000,1,2,1,2,0
1131,1,17000000,1,3,1,3,0
1132,1,2000000,0,1,0,2,0
1133,1,7000000,1,2,0,2,0
1134,1,0,1,3,0,1,0
1135,1,2500000,1,1,0,2,0
1136,1,3840300,1,2,1,3,0
1137,1,8500000,1,2,1,3,0
1138,1,4000000,1,2,0,1,0
1139,2,1900000,1,2,0,3,0
1140,1,4000000,1,1,0,1,0
1141,1,20000000,1,2,1,2,0
1142,1,8299000,1,2,1,2,0
1143,1,1250000,0,2,0,2,0
1144,1,5500000,1,3,1,3,0
1145,1,500000,1,1,0,1,1
1146,1,12000000,1,2,1,2,0
1147,1,2700000,1,1,0,2,0
1148,1,15000000,1,2,1,3,0
1149,1,9500000,1,3,0,3,0
1150,1,2500000,1,2,0,1,0
1151,2,500000,0,1,0,1,1
1152,1,7000000,1,2,1,3,0
1153,1,8537800,1,2,1,3,0
1154,1,4500000,1,3,0,2,0
1155,1,6000000,1,3,0,1,0
1156,1,2000000,1,1,0,3,1
1157,1,6000000,0,1,0,1,0
1158,1,5233865,1,2,0,2,0
1159,1,6300000,1,3,1,3,0
1160,1,26000000,1,1,1,3,0
1161,1,3500000,0,2,0,3,0
1162,1,4000000,1,4,0,2,0
1163,2,0,1,2,0,2,0
1164,1,6500000,1,3,0,2,0
1165,1,1500000,0,2,0,2,1
1166,1,45000000,1,2,2,3,0
1167,1,4500000,1,3,2,2,0
1168,1,4000000,1,3,1,2,0
1169,4,3000000,1,2,1,3,0
1170,1,10000000,1,2,0,3,0
1171,1,4500000,1,1,0,3,0
1172,1,9000000,1,2,1,3,0
1173,1,20000000,1,2,1,3,0
1174,1,1500000,1,1,1,1,0
1175,1,5500000,1,3,0,3,0
1176,1,10000000,1,3,0,2,0
1177,1,4500000,1,2,1,3,0
1178,1,1500000,0,2,0,1,1
1179,1,2500000,1,2,0,2,1
1180,1,5040000,1,2,0,3,0
1181,2,0,1,4,0,2,0
1182,1,5000000,1,2,1,2,0
1183,1,4000000,0,3,0,2,0
1184,1,3500000,1,1,0,1,0
1185,1,2000000,1,2,0,2,0
1186,4,2000000,1,1,0,1,0
1187,1,3000000,1,2,1,3,1
1188,1,2000000,1,2,0,2,0
1189,1,4000000,1,2,0,3,0
1190,1,3500000,0,1,0,2,0
1191,1,14000000,1,2,1,3,0
1192,4,14000000,1,4,1,3,0
1193,1,9294400,1,2,0,2,0
1194,1,3500000,1,2,0,3,0
1195,4,2200000,1,2,1,2,0
1196,2,5000000,1,1,0,3,0
1197,1,7000000,1,2,0,3,0
1198,1,4000000,1,1,0,2,0
1199,2,3000000,1,3,1,1,0
1200,1,4000000,0,1,0,2,0
1201,1,5000000,1,3,1,3,0
1202,1,5800000,1,3,1,3,0
1203,1,8200000,1,2,1,2,0
1204,1,5000000,0,2,0,2,0
1205,1,1500000,1,1,0,2,1
1206,1,2500000,0,2,0,3,0
1207,1,3800000,1,2,0,2,0
1208,1,2500000,0,2,0,2,1
1209,1,5000000,1,3,1,3,0
1210,1,5503400,1,3,0,3,0
1211,1,7300000,0,2,1,3,0
1212,1,21000000,1,3,1,3,0
1213,1,4000000,1,2,0,2,0
1214,1,2000000,1,2,0,2,0
1215,1,3000000,1,4,0,2,0
1216,1,50000000,1,3,0,3,0
1217,1,6400000,1,3,0,2,0
1218,1,6800000,0,1,0,2,0
1219,1,3000000,1,2,1,2,0
1220,1,450000,1,1,0,2,0
1221,1,3000000,0,1,0,2,0
1222,1,3500000,1,1,1,3,0
1223,1,8500000,1,2,2,1,0
1224,1,10000000,1,4,0,2,0
1225,1,14293200,1,3,2,3,0
1226,1,0,0,1,0,3,0
1227,1,2000000,1,2,0,2,0
1228,1,3850000,1,2,1,2,0
1229,1,6000000,1,2,1,1,0
1230,1,1500000,0,1,0,3,1
1231,1,3500000,1,3,1,2,0
1232,1,3700000,1,2,0,2,0
1233,1,13000000,1,3,1,3,0
1234,2,4000000,1,3,0,2,0
1235,1,5000000,1,3,1,3,0
1236,1,4000000,1,1,0,2,0
1237,4,4500000,1,2,1,3,0
1238,1,5500000,1,2,0,1,0
1239,1,550000,1,2,0,1,0
1240,1,7500000,1,4,0,2,0
1241,1,3900000,1,2,1,1,0
1242,2,500000,1,2,0,2,0
1243,1,8700000,1,2,0,3,0
1244,1,2500000,0,5,0,2,0
1245,1,2500000,0,1,0,3,1
1246,1,13000000,1,2,1,3,0
1247,1,7000000,1,3,1,3,0
1248,1,4000000,1,3,0,2,0
1249,1,1250000,1,2,0,1,1
1250,2,1000000,1,1,0,2,0
1251,1,2650000,1,2,0,2,0
1252,1,4000000,1,3,1,2,0
1253,1,5000000,1,3,0,1,0
1254,1,3500000,1,3,0,2,0
1255,2,3500000,1,2,0,3,0
1256,1,3000000,0,4,0,2,1
1257,1,2500000,0,1,0,2,1
1258,1,3000000,1,1,1,1,0
1259,1,8000000,0,3,1,2,0
1260,1,500000,1,2,0,1,1
1261,1,500000,1,2,0,1,0
1262,1,2500000,0,2,0,3,0
1263,1,4300000,0,2,0,3,0
1264,1,7000000,0,3,0,2,0
1265,1,500000,1,3,0,2,0
1266,1,21000000,1,1,1,3,0
1267,1,800000,0,1,0,2,1
1268,1,600000,0,2,0,2,1
1269,1,9000000,1,2,1,3,0
1270,1,120000,1,1,0,1,0
1271,1,7500000,1,1,1,3,0
1272,1,25000000,1,2,1,3,0
1273,4,5000000,1,1,0,2,0
1274,1,0,1,1,1,3,0
1275,1,6500000,1,2,1,3,0
1276,1,5000000,1,2,1,2,0
1277,1,1500000,1,2,0,2,0
1278,1,12000000,1,1,0,3,0
1279,1,5000000,1,2,0,3,0
1280,1,2000000,0,2,0,1,0
1281,1,3500000,1,2,0,1,0
1282,1,5000000,1,2,0,3,0
1283,1,6540000,1,2,0,3,0
1284,1,2000000,0,1,0,3,0
1285,1,1750000,1,2,0,1,0
1286,1,3000000,0,1,0,3,0
1287,1,400000,1,4,0,2,0
1288,1,2500000,1,2,0,1,0
1289,1,2000000,1,3,1,3,0
1290,1,3000000,1,1,0,2,0
1291,1,3000000,1,2,0,1,0
1292,2,1000000,1,1,0,2,0
1293,1,11000000,1,2,1,2,0
1294,1,2500000,0,3,0,2,1
1295,1,0,1,1,0,3,1
1296,1,7000000,1,2,1,3,0
1297,1,5500000,1,2,0,2,0
1298,1,2500000,1,1,0,2,0
1299,2,1000000,1,1,0,1,0
1300,2,1800000,1,2,0,1,0
1301,1,3500000,1,2,0,1,0
1302,1,2500000,1,2,0,2,0
1303,1,5000000,1,1,1,3,0
1304,1,-1000000,0,1,0,2,1
1305,1,5000000,1,3,0,2,0
1306,1,2500000,1,2,0,2,0
1307,1,1250000,1,1,0,2,0
1308,1,6500000,1,1,0,3,0
1309,1,2500000,0,2,0,3,0
1310,1,2000000,1,2,0,2,0
1311,1,3000000,1,2,1,3,0
1312,1,3230000,1,2,0,2,0
1313,1,6000000,1,3,1,2,0
1314,1,7000000,1,3,1,2,0
1315,1,500000,0,1,0,2,0
1316,1,8500000,1,4,1,2,0
1317,4,4000000,0,2,0,2,0
1318,1,1500000,0,1,0,1,0
1319,1,1000000,1,2,0,2,0
1320,1,4500000,0,2,0,2,0
1321,1,9000000,1,2,1,2,0
1322,1,7000000,1,2,1,3,0
1323,1,1500000,0,1,0,2,0
1324,1,15000000,1,2,1,3,0
1325,1,13000000,1,2,0,2,0
1326,1,2000000,0,3,0,2,0
1327,1,4500000,1,2,1,2,0
1328,1,500000,1,1,0,2,1
1329,1,4000000,0,2,0,3,0
1330,1,8200000,1,2,1,3,0
1331,1,7000000,1,4,0,2,0
1332,1,3500000,1,2,0,2,1
1333,1,1500000,1,2,0,1,1
1334,1,7000000,1,2,0,2,0
1335,4,3000000,0,1,1,2,0
1336,1,700000,1,2,0,1,1
1337,1,7416000,0,2,1,3,0
1338,1,1000000,1,1,0,2,0
1339,1,2300000,0,1,0,2,0
1340,1,2000000,1,2,0,2,0
1341,1,13000000,1,2,0,2,0
1342,1,4000000,1,2,1,3,0
1343,1,900000,1,1,0,2,1
1344,1,7000000,1,2,1,3,0
1345,1,7500000,0,2,0,1,0
1346,1,3000000,0,1,0,3,0
1347,1,2000000,1,0,0,2,0
1348,1,7000000,0,2,0,3,0
1349,1,0,0,1,1,2,0
1350,4,0,1,3,0,3,1
1351,1,3500000,1,3,1,2,0
1352,1,5358700,1,2,1,2,0
1353,1,225000,1,1,0,3,1
1354,1,3000000,1,2,0,3,0
1355,1,1500000,1,3,0,2,0
1356,1,5000000,0,2,0,2,0
1357,1,9000000,0,1,1,2,0
1358,1,5000000,1,1,0,3,0
1359,1,5000000,1,2,0,3,0
1360,1,12100000,1,3,1,2,0
1361,1,5000000,1,2,1,3,0
1362,1,13500000,1,2,0,2,0
1363,1,1000000,1,1,0,1,0
1364,1,7000000,1,2,2,2,0
1365,1,4000000,1,2,0,3,0
1366,1,4500000,1,3,0,2,0
1367,1,15000000,1,1,1,3,0
1368,1,3000000,1,2,0,1,0
1369,1,5000000,1,2,1,2,0
1370,1,3000000,1,2,0,2,0
1371,1,1000000,0,2,0,2,1
1372,1,4000000,0,1,0,2,0
1373,1,2000000,1,3,0,2,0
1374,1,6000000,1,4,0,2,0
1375,1,2000000,1,3,0,2,0
1376,1,5000000,1,3,1,3,0
1377,1,6000000,1,4,1,2,0
1378,1,10000000,1,2,1,3,0
1379,1,6800000,1,2,0,2,0
1380,1,10355400,1,4,1,2,0
1381,1,3500000,1,2,0,2,0
1382,1,5300000,1,2,2,3,0
1383,1,2000000,1,2,1,3,0
1384,2,300000,1,3,0,3,0
1385,1,1500000,0,1,0,3,0
1386,1,1700000,1,2,0,2,1
1387,2,6000000,1,2,0,3,0
1388,1,7500000,1,3,1,2,0
1389,2,5000000,1,1,1,2,0
1390,1,4000000,1,2,0,2,0
1391,1,750000,0,0,0,2,1
1392,2,1500000,0,1,0,3,0
1393,1,5262149,1,2,0,2,0
1394,4,5500000,1,1,0,2,0
1395,1,11000000,1,2,2,3,0
1396,1,3000000,1,1,0,2,0
1397,1,5000000,1,2,0,3,0
1398,1,7000000,1,2,1,2,0
1399,1,6998500,1,2,0,3,0
1400,1,10000000,1,1,1,3,0
1401,1,4000000,1,2,0,1,1
1402,1,13590950,1,3,1,3,0
1403,1,4500000,0,1,0,2,0
1404,1,2000000,1,2,0,2,0
1405,2,500000,1,1,1,2,0
1406,1,3500000,1,2,0,2,0
1407,1,3500000,1,4,1,3,0
1408,1,4000000,0,1,0,2,0
1409,1,5000000,0,3,0,2,0
1410,1,5500000,1,2,0,2,0
1411,1,2000000,0,2,0,2,1
1412,1,9500000,1,2,1,3,0
1413,1,10000000,1,3,1,3,0
1414,1,5000000,0,3,1,3,0
1415,1,4000000,1,2,0,3,0
1416,4,3000000,1,1,0,3,0
1417,1,3000000,1,2,0,3,0
1418,1,4000000,1,4,1,2,0
1419,1,0,1,1,0,2,0
1420,1,2400000,0,2,0,3,1
1421,1,1500000,1,3,1,2,0
1422,1,3000000,1,2,1,2,0
1423,1,3000000,1,2,0,3,0
1424,1,2000000,0,2,1,2,0
1425,1,4000000,1,2,0,2,0
1426,1,4300000,0,3,0,1,0
1427,1,3000000,1,2,0,2,0
1428,4,2100000,1,2,1,3,0
1429,1,4980580,1,1,0,2,1
1430,1,6000000,1,2,1,3,0
1431,1,3500000,1,3,0,1,0
1432,1,6500000,1,3,1,3,0
1433,1,3000000,1,3,0,2,0
1434,1,10000000,1,1,1,3,0
1435,1,1000000,1,1,0,1,1
1436,1,60000000,1,2,2,3,0
1437,4,2000000,1,2,0,1,0
1438,1,6500000,1,2,1,3,0
1439,1,2500000,0,1,0,2,0
1440,1,5000000,1,2,1,3,0
1441,1,4326087,1,3,0,1,0
1442,1,7500000,0,2,1,2,0
1443,1,4000000,1,2,0,3,0
1444,1,5000000,1,2,0,2,0
1445,1,10000000,1,3,1,3,0
1446,1,6000000,0,2,0,3,0
1447,1,5000000,1,1,0,3,0
1448,1,0,0,0,0,1,0
1449,1,6000000,1,2,1,3,0
1450,1,10000000,0,1,1,3,0
1451,1,10000000,1,2,2,1,0
1452,1,4000000,1,2,0,2,0
1453,2,500000,1,1,0,2,0
1454,2,0,1,1,0,2,0
1455,1,0,1,1,1,3,0
1456,1,6000000,1,2,0,2,0
1457,1,3700000,1,2,0,2,0
1458,1,5000000,1,1,1,3,0
1459,1,8000000,1,2,1,1,0
1460,1,0,1,2,0,2,0
1461,1,6720000,1,3,0,2,0
1462,1,5000000,1,1,1,3,0
1463,1,6000000,1,2,1,3,0
1464,1,5000000,0,2,0,2,0
1465,1,5000000,1,1,1,2,0
1466,1,3000000,1,2,0,1,1
1467,1,250000,1,1,0,1,0
1468,1,8500000,1,2,2,3,0
1469,1,23000000,1,2,2,3,0
1470,1,0,1,1,0,1,0
1471,1,3000000,1,2,1,2,0
1472,1,4000000,1,2,1,3,0
1473,1,3000000,1,2,0,2,1
1474,1,1500000,1,2,0,2,0
1475,1,9600000,1,2,0,2,0
1476,1,5000000,0,4,0,3,0
1477,1,3000000,0,1,0,3,1
1478,1,6500000,1,2,2,3,0
1479,1,2000000,0,1,0,2,1
1480,1,2900000,1,2,0,2,0
1481,1,350000,0,2,0,2,0
1482,2,4999999,1,2,1,3,0
1483,1,7508700,1,2,1,2,0
1484,1,2000000,1,1,0,2,0
1485,4,2000000,1,2,0,2,0
1486,1,2000000,1,2,0,2,0
1487,2,4000000,1,2,0,2,0
1488,1,7500000,1,3,1,2,0
1489,2,3000000,1,3,0,2,0
1490,1,15000000,1,1,1,3,0
1491,1,10000000,0,0,0,1,0
1492,1,1500000,1,2,0,2,0
1493,1,8500000,1,3,1,2,0
1494,1,5000000,1,2,1,3,0
1495,1,1500000,1,2,0,1,0
1496,4,0,1,3,0,3,0
1497,1,8947000,1,1,1,2,0
1498,1,9000000,0,4,1,3,0
1499,1,7000000,1,3,1,2,0
1500,1,2821000,1,1,0,2,0
1501,1,5000000,1,3,1,2,0
1502,1,5000000,1,2,1,3,0
1503,1,1500000,1,1,0,1,0
1504,1,6000000,1,2,1,3,0
1505,1,10000000,1,2,1,3,0
1506,1,2500000,0,1,0,2,1
1507,1,1500000,0,2,0,3,0
1508,1,4000000,1,2,0,2,0
1509,4,5000000,1,2,0,3,0
1510,1,6000000,1,2,1,2,0
1511,1,3500000,1,1,1,1,0
1512,2,400000,1,1,0,1,1
1513,1,3900000,1,4,1,2,0
1514,2,1000000,1,2,0,3,0
1515,1,10000000,1,4,1,2,0
1516,1,2000000,0,2,0,3,0
1517,1,1500000,0,1,0,2,0
1518,1,7000000,0,2,0,2,0
1519,1,3000000,0,1,0,2,0
1520,1,3500000,1,2,0,2,0
1521,1,1500000,0,1,0,2,1
1522,2,2000000,1,1,0,1,0
1523,1,5000000,1,2,0,2,0
1524,1,2500000,0,2,0,3,0
1525,1,23000000,1,3,1,2,0
1526,1,500100,1,2,0,1,0
1527,1,5000000,1,2,1,3,0
1528,1,8000000,1,2,0,3,0
1529,1,9000000,1,2,0,2,0
1530,1,5800000,1,2,0,2,0
1531,1,2250000,1,2,0,3,1
1532,1,5000000,1,3,0,2,0
1533,2,7000000,1,3,0,3,0
1534,1,2100000,1,3,0,2,0
1535,1,10000000,0,2,0,3,0
1536,1,6000000,1,1,1,2,0
1537,1,6000000,1,3,0,3,0
1538,1,2500000,1,2,0,1,0
1539,1,10000000,1,2,2,2,0
1540,1,1000000,1,2,2,1,0
1541,1,6500000,1,2,1,3,0
1542,1,1800000,0,0,0,1,0
1543,1,0,1,2,0,2,0
1544,1,4500000,1,0,2,2,0
1545,1,0,1,2,1,3,0
1546,1,4000000,1,2,0,2,0
1547,1,7000000,0,3,0,2,0
1548,1,3500000,1,3,0,3,0
1549,1,6000000,1,2,1,3,0
1550,1,1500000,0,1,0,1,1
1551,1,3250000,1,2,0,2,0
1552,1,3500000,1,2,0,2,1
1553,1,3500000,1,2,0,3,0
1554,1,1500500,1,2,0,1,0
1555,1,6500000,1,2,0,2,0
1556,1,4000000,1,0,1,3,0
1557,1,1500000,1,2,0,2,0
1558,2,900000,0,2,0,1,0
1559,1,3600000,1,0,2,2,0
1560,1,4000000,1,1,1,2,0
1561,1,1000000,1,2,0,2,0
1562,1,2500000,1,3,0,1,0
1563,1,1000000,1,1,0,1,0
1564,1,3250000,1,3,0,2,0
1565,1,3000000,0,2,0,2,0
1566,1,6300000,1,2,1,2,0
1567,1,3000000,0,1,0,1,0
1568,1,600000,1,3,1,1,0
1569,1,8000000,0,1,0,3,0
1570,1,8000000,1,2,0,1,0
1571,1,17700000,1,2,1,3,0
1572,1,10000000,1,3,1,3,0
1573,1,5000000,1,3,0,2,0
1574,1,6000000,1,2,0,2,0
1575,1,4000000,1,2,0,2,0
1576,1,3000000,1,1,0,2,0
1577,1,2500000,0,2,0,2,0
1578,1,7400000,1,2,1,3,0
1579,1,3500000,0,3,1,3,0
1580,1,4000000,1,2,1,2,0
1581,1,4300000,0,2,0,3,0
1582,1,5000000,1,2,1,3,0
1583,1,2000000,1,2,1,3,0
1584,1,3000000,0,1,1,3,0
1585,1,4000000,0,3,0,2,1
1586,1,4500000,1,2,1,1,0
1587,1,7500000,1,3,1,3,0
1588,1,3000000,1,5,1,2,0
1589,1,3000000,1,2,1,2,0
1590,1,5000000,1,1,1,2,0
1591,1,4000000,1,2,1,2,0
1592,1,8500000,1,2,0,2,0
1593,1,4000000,1,2,1,1,0
1594,2,4000000,1,2,0,2,0
1595,1,6500000,1,2,0,3,0
1596,1,2000000,1,1,0,2,0
1597,4,5000000,1,2,0,2,0
1598,1,6500000,1,2,1,2,0
1599,2,4500000,1,1,0,1,0
1600,1,9000000,1,1,1,3,0
1601,1,1500000,1,2,0,1,0
1602,2,4000000,1,2,0,2,0
1603,1,5300000,1,2,0,3,0
1604,1,3000000,0,3,0,2,0
1605,1,4400000,1,3,0,2,0
1606,1,0,0,0,0,1,0
1607,1,5300000,1,2,0,2,0
1608,1,7000000,1,4,1,3,0
1609,1,4000000,1,1,0,2,0
1610,1,5000000,0,3,0,2,0
1611,2,2500000,1,2,0,2,0
1612,1,900000,1,3,1,2,0
1613,1,5000000,0,2,0,1,0
1614,1,8000000,1,3,0,2,0
